ì˙ït,ëäíkëŒâûåèêî
2020-02-10,50
2020-02-11,15
2020-02-12,64
2020-02-13,60
2020-02-14,155
2020-02-15,139
2020-02-16,87
2020-02-17,457
2020-02-18,551
2020-02-19,581
2020-02-20,524
2020-02-21,564
2020-02-22,316
2020-02-23,293
2020-02-24,358
2020-02-25,1017
2020-02-26,871
2020-02-27,878
2020-02-28,860
2020-02-29,369
2020-03-01,405
2020-03-02,1274
2020-03-03,924
2020-03-04,985
2020-03-05,845
2020-03-06,830
2020-03-07,450
2020-03-08,377
2020-03-09,1218
2020-03-10,904
2020-03-11,830
2020-03-12,790
2020-03-13,851
2020-03-14,339
2020-03-15,318
2020-03-16,1085
2020-03-17,766
2020-03-18,748
2020-03-19,774
2020-03-20,282
2020-03-21,407
2020-03-22,275
2020-03-23,932
2020-03-24,650
2020-03-25,772
2020-03-26,928
2020-03-27,1187
2020-03-28,626
2020-03-29,507
2020-03-30,1712
2020-03-31,1392
2020-04-01,1508
2020-04-02,1766
2020-04-03,1792
2020-04-04,1037
2020-04-05,802
2020-04-06,2188
2020-04-07,1901
2020-04-08,1878
2020-04-09,1936
2020-04-10,1897
2020-04-11,915
2020-04-12,797
2020-04-13,2283
2020-04-14,2059
2020-04-15,1944
2020-04-16,2024
2020-04-17,1918
2020-04-18,1006
2020-04-19,827
2020-04-20,2062
2020-04-21,1719
2020-04-22,1644
2020-04-23,1607
2020-04-24,1930
2020-04-25,1074
2020-04-26,863
2020-04-27,1950
2020-04-28,1496
2020-04-29,956
2020-04-30,1831
2020-05-01,1557
2020-05-02,1068
2020-05-03,809
2020-05-04,1125
2020-05-05,1025
2020-05-06,1108
2020-05-07,1724
2020-05-08,1230
2020-05-09,1266
2020-05-10,910
2020-05-11,1945
2020-05-12,1256
2020-05-13,1254
2020-05-14,1184
2020-05-15,1122
2020-05-16,704
2020-05-17,602
2020-05-18,1249
2020-05-19,882
2020-05-20,743
2020-05-21,717
2020-05-22,636
2020-05-23,517
2020-05-24,406
